{"m1": 180.97752499580383, "m2": 180.20567655563354, "explanation": ""}